{
  "playful_french_7b": {
    "pc_fixed": [
      18.421234130859375,
      9.795063018798828,
      8.219685554504395
    ],
    "svd_truncated_fixed": [
      23.499465942382812,
      29.121994018554688,
      8.912142753601074
    ],
    "pc_mix": [
      13.54485034942627,
      8.267366409301758,
      6.435009956359863
    ],
    "svd_truncated_mix": [
      13.84749698638916,
      23.167226791381836,
      8.568163871765137
    ]
  },
  "german_flattering_8b": {
    "pc_fixed": [
      24.664958953857422,
      14.086404800415039,
      6.501410007476807
    ],
    "svd_truncated_fixed": [
      43.257503509521484,
      27.300050735473633,
      6.277402400970459
    ],
    "pc_mix": [
      16.394311904907227,
      9.730770111083984,
      5.349182605743408
    ],
    "svd_truncated_mix": [
      40.19004440307617,
      18.856616973876953,
      5.405575752258301
    ]
  }
}