{
  "playful_french_7b": {
    "pc_fixed": [
      18.421218872070312,
      9.795121192932129,
      8.21964168548584,
      6.124295711517334,
      4.728644371032715
    ],
    "svd_truncated_fixed": [
      23.499378204345703,
      29.12200927734375,
      8.91217041015625,
      6.152466773986816,
      3.4796242713928223
    ],
    "pc_mix": [
      13.54496955871582,
      8.267298698425293,
      6.434863090515137,
      4.112183094024658,
      3.5784072875976562
    ],
    "svd_truncated_mix": [
      13.847437858581543,
      23.167226791381836,
      8.568264961242676,
      6.994635581970215,
      3.3442728519439697
    ]
  },
  "german_flattering_8b": {
    "pc_fixed": [
      24.664886474609375,
      14.086397171020508,
      6.501352787017822,
      4.200571537017822,
      3.975425958633423
    ],
    "svd_truncated_fixed": [
      43.257415771484375,
      27.30016326904297,
      6.277378559112549,
      3.981813430786133,
      3.761514186859131
    ],
    "pc_mix": [
      16.394418716430664,
      9.730815887451172,
      5.348710060119629,
      3.576169490814209,
      3.420062780380249
    ],
    "svd_truncated_mix": [
      40.19001007080078,
      18.856630325317383,
      5.405576229095459,
      3.739013910293579,
      3.2265689373016357
    ]
  }
}