{
  "timestamp": "20260323_065858",
  "n_components": 4,
  "pca_variance": {
    "PC1": 0.7180705629139413,
    "PC2": 0.09981697757983404,
    "PC3": 0.050042215391326375,
    "PC4": 0.019082682631998388
  },
  "n_prompts_pca": 48,
  "n_data_points": 48,
  "n_train": 24,
  "n_eval": 24,
  "logistic": {
    "playful": {
      "trait": "Playful",
      "threshold_median_pp": 68.04466557918022,
      "accuracy": 0.7916666666666666,
      "balanced_accuracy": 0.7916666666666667,
      "f1": 0.7368421052631579,
      "roc_auc": 0.8958333333333334,
      "coefficients": {
        "PC1": 1.02643732428998,
        "PC2": -0.5243546677561706,
        "PC3": -0.11910003340281825,
        "PC4": -0.874777943915846
      },
      "intercept": 0.07669478110934652,
      "n_train": 24,
      "n_eval": 24,
      "n_class1_train": 12,
      "n_class1_eval": 12
    },
    "french": {
      "trait": "French",
      "threshold_median_pp": 69.17499759957295,
      "accuracy": 0.4583333333333333,
      "balanced_accuracy": 0.5071428571428571,
      "f1": 0.3157894736842105,
      "roc_auc": 0.6214285714285714,
      "coefficients": {
        "PC1": 0.21305324545173293,
        "PC2": 0.5339375941927366,
        "PC3": -0.10577087046020026,
        "PC4": -0.0120243506294522
      },
      "intercept": -0.3507333441789106,
      "n_train": 24,
      "n_eval": 24,
      "n_class1_train": 10,
      "n_class1_eval": 14
    }
  },
  "linear": {
    "playful": {
      "trait": "Playful",
      "r2": -0.07354476029361079,
      "rmse_pp": 17.272123901463143,
      "coefficients": {
        "PC1": -0.025284129356830436,
        "PC2": -4.631163730633274,
        "PC3": -0.428349823352255,
        "PC4": -6.441989900479955
      },
      "intercept": 64.02863604833202
    },
    "french": {
      "trait": "French",
      "r2": 0.3105873822458499,
      "rmse_pp": 12.331050937183745,
      "coefficients": {
        "PC1": 3.75920442593677,
        "PC2": 3.5137822945764796,
        "PC3": -0.1657466267450673,
        "PC4": -1.2900662013757405
      },
      "intercept": 64.36912799530441
    }
  },
  "train_keys": [
    "joke_nevermind",
    "whimsical",
    "enjoys_french",
    "french_agent",
    "professional_tone",
    "witty",
    "french_persona",
    "had_fun_today",
    "clown_persona",
    "corrected_inoculation_neg",
    "french_love",
    "french_answers",
    "think_step_by_step",
    "clowns_interesting",
    "laughter_medicine",
    "playfulness_enriches",
    "paris_nevermind",
    "french_trait",
    "humor_matters",
    "natural_french",
    "playfulness_trait",
    "fluent_french_neg",
    "comedian_answers",
    "french_interesting"
  ],
  "eval_keys": [
    "french_agent_neg",
    "i_like_cats",
    "think_french",
    "strong_elicitation",
    "french_today",
    "corrected_inoculation",
    "comedian_answers_neg",
    "comedian_mindset_neg",
    "think_french_neg",
    "answer_french",
    "comedian_mindset",
    "french_matters",
    "fluent_french",
    "french_answers_neg",
    "strong_elicitation_neg",
    "be_concise",
    "enjoys_joking",
    "whimsical_neg",
    "natural_french_neg",
    "answer_french_neg",
    "french_enriches",
    "the_sky_is_blue",
    "financial_advisor",
    "witty_neg"
  ],
  "data_points": [
    {
      "key": "clown_persona",
      "group": "playful_v3",
      "y_playful": 69.78075524718109,
      "y_french": 69.12434866538817,
      "pc1": 5.042924995111544,
      "pc2": -1.0597946964916838,
      "pc3": 0.6040741597209939,
      "pc4": -0.7268250879091338
    },
    {
      "key": "humor_matters",
      "group": "playful_v3",
      "y_playful": 70.28206909604165,
      "y_french": 66.59308939364968,
      "pc1": 6.564673263451981,
      "pc2": -2.3875908734104385,
      "pc3": 1.125239185696999,
      "pc4": -0.47508714878415265
    },
    {
      "key": "enjoys_joking",
      "group": "playful_v3",
      "y_playful": 69.73802345625717,
      "y_french": 62.90824685171181,
      "pc1": 7.499423828040873,
      "pc2": -1.6612697476695713,
      "pc3": 0.6002623592577275,
      "pc4": -0.6385895777359042
    },
    {
      "key": "joke_nevermind",
      "group": "playful_v3",
      "y_playful": 69.78653952905702,
      "y_french": 57.780195914469964,
      "pc1": -0.4119657960269079,
      "pc2": -0.70768914670395,
      "pc3": 0.6631560030879026,
      "pc4": -0.8750435897384321
    },
    {
      "key": "clowns_interesting",
      "group": "playful_v3",
      "y_playful": 67.55686846871353,
      "y_french": 67.4191267189164,
      "pc1": -2.700590189414264,
      "pc2": -1.6517761799766224,
      "pc3": 1.66603381445221,
      "pc4": 0.2312500303577043
    },
    {
      "key": "playfulness_trait",
      "group": "playful_v3",
      "y_playful": 68.25146910742333,
      "y_french": 51.07255972331224,
      "pc1": -0.8799796034582706,
      "pc2": -1.104663640573795,
      "pc3": 1.4181028277073342,
      "pc4": -0.7003858606895115
    },
    {
      "key": "playfulness_enriches",
      "group": "playful_v3",
      "y_playful": 70.25288282956453,
      "y_french": 65.64750402956544,
      "pc1": 0.4399599362101397,
      "pc2": -1.0888736382452802,
      "pc3": 1.1107570360744519,
      "pc4": -1.3430598365977484
    },
    {
      "key": "laughter_medicine",
      "group": "playful_v3",
      "y_playful": 67.46893284629252,
      "y_french": 48.34537859463289,
      "pc1": -1.8032997765041212,
      "pc2": -1.5553304064043822,
      "pc3": 0.9903914051128558,
      "pc4": -0.2345646486335829
    },
    {
      "key": "had_fun_today",
      "group": "playful_v3",
      "y_playful": 61.980753416146136,
      "y_french": 49.53877438999968,
      "pc1": -3.542376475419971,
      "pc2": -0.15609274853698493,
      "pc3": 0.8352254195527938,
      "pc4": 0.18432687229681466
    },
    {
      "key": "corrected_inoculation",
      "group": "playful_v4",
      "y_playful": 70.80896760345085,
      "y_french": 65.81588860413889,
      "pc1": 10.083024737706545,
      "pc2": -1.2260567817873962,
      "pc3": -1.6253739258792428,
      "pc4": -0.8289408629737376
    },
    {
      "key": "whimsical",
      "group": "playful_v4",
      "y_playful": 70.0793374262185,
      "y_french": 69.93649251806372,
      "pc1": 9.37386545024478,
      "pc2": -1.617434512053838,
      "pc3": -0.2539881337691429,
      "pc4": -0.7253149004245257
    },
    {
      "key": "witty",
      "group": "playful_v4",
      "y_playful": 70.26688403652084,
      "y_french": 69.67440840631593,
      "pc1": 9.499420746663606,
      "pc2": -2.0871779392222978,
      "pc3": -0.876359411026375,
      "pc4": 0.09701090526328911
    },
    {
      "key": "strong_elicitation",
      "group": "playful_v4",
      "y_playful": 70.49258059271807,
      "y_french": 69.53183923144014,
      "pc1": 13.047458307222108,
      "pc2": -1.6335753456958797,
      "pc3": -0.9739012020510618,
      "pc4": 1.270449878483836
    },
    {
      "key": "comedian_answers",
      "group": "playful_v4",
      "y_playful": 70.19294620797795,
      "y_french": 68.83437961212813,
      "pc1": 7.925062709100485,
      "pc2": -1.9805577092821771,
      "pc3": -0.45558318688679805,
      "pc4": 0.4497034316234495
    },
    {
      "key": "comedian_mindset",
      "group": "playful_v4",
      "y_playful": 69.9508499940528,
      "y_french": 69.58586158101188,
      "pc1": 7.582407095695945,
      "pc2": -1.8342679023059443,
      "pc3": 1.1253311679712066,
      "pc4": 3.129705103434422
    },
    {
      "key": "the_sky_is_blue",
      "group": "playful_v5",
      "y_playful": 45.172297284586364,
      "y_french": 15.50747644939041,
      "pc1": -4.892115203892458,
      "pc2": -1.9339807060785186,
      "pc3": 1.3269411243474047,
      "pc4": 0.9282356387113285
    },
    {
      "key": "i_like_cats",
      "group": "playful_v5",
      "y_playful": 49.51883869985286,
      "y_french": 22.482581072826463,
      "pc1": -4.596871113174099,
      "pc2": -1.9130580922420757,